HypNoel,&
SaurBot,=
astrorifk,✓
atoruito,✓
ayraelesmera,✓
aznoire,✓
benjamator67,✓
beter222,✓
bloodykirb,✓
blopusflopus,✓
burc,✓
cartchamp,✓
Duelcatty,✓
durg4,✓
dylando,✓
eepyzzz,✓
ezlaturbo,✓
KVoidDragon,✓
lionhugs,✓
lunchableskit,✓
Manofwoof1,✓
mikey2239,✓
mikey239,✓
morgana57,✓
mrbradleyblastoise,✓
muddous,✓
noobscrub27,✓
notjooj,✓
penicillinlol,✓
pherospizzeria,✓
Pherozma,✓
pikakip379,✓
qazeymoto,✓
Route2Trainer,✓
thembossforhire,✓
traineractias,✓
unit97,✓
zipplezapple,✓
aarushfnf,⁂
adrikfnf,⁂
agnesfnf,⁂
alvarofnf,⁂
amayafnf,⁂
ameliafnf,⁂
amirfnf,⁂
antonellafnf,⁂
ayafnf,⁂
ayrafnf,⁂
barneyfnf,⁂
benedictfnf,⁂
blusixfnf,⁂
briarfnf,⁂
brookefnf,⁂
browsixfnf,⁂
cairofnf,⁂
candrafnf,⁂
chandlerfnf,⁂
clarencefnf,⁂
cococochinofnf,⁂
dakimfnf,⁂
d'angelofnf,⁂
dj$uciafnf,⁂
dominiquefnf,⁂
einfnf,⁂
estrellafnf,⁂
eugenefnf,⁂
ezekielfnf,⁂
fainafnf,⁂
federicofnf,⁂
festivalgoerfnf,⁂
finafnf,⁂
gonzapfnf,⁂
gracefulglaceonsfnf,⁂
graemefnf,⁂
greesixfnf,⁂
gusfnf,⁂
gwynethfnf,⁂
gymtrainerfnf,⁂
izarfnf,⁂
jelanifnf,⁂
kaitofnf,⁂
leonardfnf,⁂
louisefnf,⁂
marlifnf,⁂
marianfnf,⁂
meadowfnf,⁂
mickeyfnf,⁂
mirorbfnf,⁂
mistressfnf,⁂
mitchfnf,⁂
mobyfnf,⁂
mysteriafnf,⁂
nascourfnf,⁂
nikitafnf,⁂
olegfnf,⁂
olenkafnf,⁂
onisimfnf,⁂
onoufrifnf,⁂
oustiniafnf,⁂
owenfnf,⁂
partygoerfnf,⁂
petrafnf,⁂
piperfnf,⁂
portiafnf,⁂
powerplantworker,⁂
primfnf,⁂
purpsixfnf,⁂
reedfnf,⁂
renatofnf,⁂
resixfnf,⁂
ryotofnf,⁂
santiagofnf,⁂
solfnf,⁂
storylockerfnf,⁂
tarafnf,⁂
tempofnf,⁂
thanufnf,⁂
theodorefnf,⁂
touristfnf,⁂
valentinafnf,⁂
venusfnf,⁂
venusgruntfnf,⁂
vinnyfnf,⁂
virtuagruntfnf,⁂
yellosixfnf,⁂
yolandafnf,⁂
yulissafnf,⁂
zaynfnf,⁂
zinzolinfnf,⁂
